,runstring,instability_time,shadow_instability_time,Stable
0,0000000.bin,192929671.04382068,1000000000.0000002,False
1,0000001.bin,6128829.768869537,20305576.53412951,False
2,0000002.bin,999000000.016965,999000000.016965,True
3,0000003.bin,15509875.077412272,1625084.1306701351,False
4,0000004.bin,1246694.2473336225,1763932.6996089995,False
5,0000005.bin,999000000.0128273,999000000.0128273,True
6,0000006.bin,3739024.0964133586,682684.5001871904,False
7,0000007.bin,1000000000.0000002,999999999.9999995,True
8,0000008.bin,440253.8518559794,1104267.8830731628,False
9,0000009.bin,999000000.0170848,999000000.0170848,True
10,0000010.bin,999999999.9999999,999999999.9999992,True
11,0000011.bin,1000000000.0,1000000000.0000013,True
12,0000012.bin,2175294.5270415186,1832380.0941590208,False
13,0000013.bin,2012274.7387234678,1212755.959192869,False
14,0000014.bin,999000000.0250707,999000000.0250707,True
15,0000015.bin,1000000000.0000001,999999999.9999994,True
16,0000016.bin,1000000000.0,999999999.9999987,True
17,0000017.bin,999000000.0267178,999000000.0267178,True
18,0000018.bin,999000000.0070283,999000000.0070283,True
19,0000019.bin,999000000.0113934,999000000.0113934,True
20,0000020.bin,831833.6122963877,939613.1415722477,False
21,0000021.bin,999999999.9999999,999999999.9999994,True
22,0000022.bin,999999999.9999999,999999999.9999975,True
23,0000023.bin,999000000.0117954,999000000.0117954,True
24,0000024.bin,24459905.327306446,2839141.4760769857,False
25,0000025.bin,143043157.2667397,55696679.01857695,False
26,0000026.bin,7452595.825832912,5082370.275592028,False
27,0000027.bin,999000000.01683,999000000.01683,True
28,0000028.bin,999000000.0268518,999000000.0268518,True
29,0000029.bin,999000000.012015,999000000.012015,True
30,0000030.bin,999000000.0202746,999000000.0202746,True
31,0000031.bin,999000000.0237262,999000000.0237262,True
32,0000032.bin,999000000.0165311,999999999.9999988,True
33,0000033.bin,1000000000.0000001,1000000000.0000001,True
34,0000034.bin,999000000.0282354,999000000.0282354,True
35,0000035.bin,1000000000.0,1000000000.0000011,True
36,0000036.bin,1000000000.0000001,1000000000.0000001,True
37,0000037.bin,5274538.95378722,6892399.368787904,False
38,0000038.bin,1000000000.0,999999999.999999,True
39,0000039.bin,999000000.0097705,999000000.0097705,True
40,0000040.bin,999000000.0275263,999000000.0275263,True
41,0000041.bin,123699660.32227652,162827608.6614963,False
42,0000042.bin,199918459.33705845,236270111.3748677,False
43,0000043.bin,1000000000.0,1000000000.0,True
44,0000044.bin,148426078.5066711,9062418.650908688,False
45,0000045.bin,999000000.0190967,202560478.63449073,True
46,0000046.bin,999000000.0297614,999000000.0297614,True
47,0000047.bin,470526.6361377217,3273436.536499904,False
48,0000048.bin,472244921.0922946,254747208.46988598,False
49,0000049.bin,999000000.0341476,999000000.0341476,True
50,0000050.bin,999000000.018961,999000000.018961,True
51,0000051.bin,1000000000.0,1000000000.0,True
52,0000052.bin,999000000.0170327,999000000.0170327,True
53,0000053.bin,999999999.9999999,1000000000.0000012,True
54,0000054.bin,999000000.0119004,999000000.0119004,True
55,0000055.bin,999000000.0267432,999000000.0267432,True
56,0000056.bin,1000000000.0,999999999.9999994,True
57,0000057.bin,1000000000.0,50083741.29472625,True
58,0000058.bin,999000000.0027655,999000000.0027655,True
59,0000059.bin,1000000000.0,1000000000.0000005,True
60,0000060.bin,999999999.9999999,1000000000.0000002,True
61,0000061.bin,15625748.208653789,4615825.455776218,False
62,0000062.bin,3051773.312203652,5144116.741012365,False
63,0000063.bin,1000000000.0,1000000000.0000004,True
64,0000064.bin,999000000.0119743,999000000.0119743,True
65,0000065.bin,999000000.0286872,999000000.0286872,True
66,0000066.bin,2408660.487978034,2506883.5997988945,False
67,0000067.bin,1000000000.0000001,999999999.9999994,True
68,0000068.bin,1610315.9351490343,1022017.0852880501,False
69,0000069.bin,1000000000.0,1000000000.0,True
70,0000070.bin,353364016.9852954,191315497.24056733,False
71,0000071.bin,2732090.345627783,926388.2059824435,False
72,0000072.bin,999000000.0180516,999000000.0180516,True
73,0000073.bin,170377.92354394766,1216472.7326300885,False
74,0000074.bin,999000000.0266978,999000000.0266978,True
75,0000075.bin,1000000000.0000002,999999999.9999992,True
76,0000076.bin,999000000.0167027,999000000.0167027,True
77,0000077.bin,999000000.0020661,999000000.0020661,True
78,0000078.bin,1326399.3838712757,1198491.8305931345,False
79,0000079.bin,170255802.3255533,876402751.2014873,False
80,0000080.bin,96173.26423406128,2306995.3353322907,False
81,0000081.bin,999000000.0093375,999000000.0093375,True
82,0000082.bin,70930263.39512542,56032798.143639304,False
83,0000083.bin,6924758.501904162,2426651.860408748,False
84,0000084.bin,1000000000.0,999999999.9999998,True
85,0000085.bin,1000000000.0000002,999999999.9999995,True
86,0000086.bin,999000000.0210034,999000000.0210034,True
87,0000087.bin,999000000.0007575,999000000.0007575,True
88,0000088.bin,18048694.734938823,66337658.530987136,False
89,0000089.bin,3844065.266452045,7457738.689383279,False
90,0000090.bin,1000000000.0,1000000000.0000004,True
91,0000091.bin,1000000000.0000002,1000000000.0000012,True
92,0000092.bin,999000000.0301533,365189300.25660187,True
93,0000093.bin,3202120.3760576583,623311.9465644414,False
94,0000094.bin,999000000.0305713,999000000.0305713,True
95,0000095.bin,2287532.3924845164,4152525.388382049,False
96,0000096.bin,1593937.4238890056,3582765.5969445296,False
97,0000097.bin,999000000.003591,999000000.003591,True
98,0000098.bin,1000000000.0,1000000000.0000008,True
99,0000099.bin,999999999.9999999,999999999.9999999,True
100,0000100.bin,2290623.4711376606,2971450.9307852536,False
101,0000101.bin,999000000.0345585,999000000.0345585,True
102,0000102.bin,2520354.8592819017,1297736.8858873586,False
103,0000103.bin,3214045.0607687733,4167224.996908077,False
104,0000104.bin,999000000.0283138,999000000.0283138,True
105,0000105.bin,999000000.0175602,999000000.0175602,True
106,0000106.bin,999000000.0341129,999000000.0341129,True
107,0000107.bin,1000000000.0000001,1000000000.0000019,True
108,0000108.bin,999000000.0226341,999000000.0226341,True
109,0000109.bin,2701891.103221307,3728918.261670682,False
110,0000110.bin,104327129.90121125,111227346.58114228,False
111,0000111.bin,267169.94567073317,697599.6057838529,False
112,0000112.bin,843677103.8516434,999000000.03456,False
113,0000113.bin,999000000.0235348,999000000.0235348,True
114,0000114.bin,999000000.0179552,999000000.0179552,True
115,0000115.bin,999000000.0141094,999000000.0141094,True
116,0000116.bin,173215816.38902387,557083853.3019339,False
117,0000117.bin,40481422.04416932,168586710.10060787,False
118,0000118.bin,188085408.32452065,999999999.9999988,False
119,0000119.bin,999000000.025824,999000000.025824,True
120,0000120.bin,999000000.0326476,999000000.0326476,True
121,0000121.bin,999000000.027427,999000000.027427,True
122,0000122.bin,999999999.9999999,999999999.9999999,True
123,0000123.bin,7494438.442031474,753566.3927898124,False
124,0000124.bin,6682535.267323884,3370926.3539882516,False
125,0000125.bin,33616.09240701781,96220.61850450486,False
126,0000126.bin,1000000000.0,999999999.9999982,True
127,0000127.bin,1000000000.0000001,999999999.9999995,True
128,0000128.bin,1000000000.0000001,1000000000.0000014,True
129,0000129.bin,999000000.00015,999000000.00015,True
130,0000130.bin,1000000000.0000001,999999999.9999988,True
131,0000131.bin,999000000.018268,999000000.018268,True
132,0000132.bin,950877730.2823939,999000000.0303985,False
133,0000133.bin,999000000.007053,999000000.007053,True
134,0000134.bin,999000000.0326638,999000000.0326638,True
135,0000135.bin,1000000000.0,1000000000.0000006,True
136,0000136.bin,37117387.43078309,21354227.77316885,False
137,0000137.bin,31065641.705747582,340544039.02946216,False
138,0000138.bin,999000000.0113571,999000000.0113571,True
139,0000139.bin,1000000000.0,999999999.9999989,True
140,0000140.bin,516921.34900171455,135253.87303227888,False
141,0000141.bin,999999999.9999999,999999999.9999999,True
142,0000142.bin,999000000.0229529,999000000.0229529,True
143,0000143.bin,7843996.380810395,4792525.615039519,False
144,0000144.bin,13147068.372482693,16253371.915570134,False
145,0000145.bin,999000000.0039365,999000000.0039365,True
146,0000146.bin,999000000.0126519,999000000.0126519,True
147,0000147.bin,652585.9958633586,2152333.2106380267,False
148,0000148.bin,27777424.634304076,53368752.37353384,False
149,0000149.bin,999000000.0214673,999000000.0214673,True
150,0000150.bin,6120972.390690714,3384619.983613202,False
151,0000151.bin,1000000000.0000002,1000000000.0000006,True
152,0000152.bin,8941133.025979754,7281719.926138567,False
153,0000153.bin,15000095.566487232,3243794.114634622,False
154,0000154.bin,2848097.060259016,7916329.562071991,False
155,0000155.bin,392713596.7906778,316340484.5613842,False
156,0000156.bin,999000000.0230205,999000000.0230205,True
157,0000157.bin,23625754.21067277,59923800.648971796,False
158,0000158.bin,999999999.9999999,999999999.9999999,True
159,0000159.bin,999000000.0061326,1000000000.0000001,True
160,0000160.bin,1000000000.0,999999999.9999989,True
161,0000161.bin,999999999.9999999,999999999.999998,True
162,0000162.bin,1146427.870700067,3923212.993711513,False
163,0000163.bin,7715892.830000719,7707463.596621536,False
164,0000164.bin,1000000000.0,999999999.9999987,True
165,0000165.bin,10701825.675807718,9320075.66256847,False
166,0000166.bin,1000000000.0,1000000000.0000004,True
167,0000167.bin,999000000.0078475,814000000.0226829,True
168,0000168.bin,999000000.0144724,857000000.0117674,True
169,0000169.bin,174993754.47321403,172066381.8766241,False
170,0000170.bin,4667529.209284506,1435786.4283821492,False
171,0000171.bin,999000000.0223866,825000000.0037931,True
172,0000172.bin,14829044.997587807,35994928.79328168,False
173,0000173.bin,16498483.365950972,65142312.94659345,False
174,0000174.bin,999000000.0001392,999000000.0001392,True
175,0000175.bin,999000000.0282217,999000000.0282217,True
176,0000176.bin,999999999.9999999,999000000.0026356,True
177,0000177.bin,10342695.248948688,10099771.76363354,False
178,0000178.bin,5035223.307033692,3482354.8356004204,False
179,0000179.bin,1000000000.0,999999999.9999986,True
180,0000180.bin,999000000.0280405,999000000.0280405,True
181,0000181.bin,999000000.0167359,999000000.0167359,True
182,0000182.bin,999999999.9999999,1000000000.0000005,True
183,0000183.bin,999000000.009832,999000000.009832,True
184,0000184.bin,999000000.0309999,999000000.0309999,True
185,0000185.bin,264908.37223049806,2458274.2801449774,False
186,0000186.bin,1000000000.0,999999999.9999998,True
187,0000187.bin,999000000.0092977,999999999.9999985,True
188,0000188.bin,35431664.604493715,7342881.667220938,False
189,0000189.bin,1000000000.0,1000000000.0000004,True
190,0000190.bin,999000000.013826,999000000.013826,True
191,0000191.bin,999000000.0314733,999000000.0314733,True
192,0000192.bin,877638034.367935,977229328.8159457,False
193,0000193.bin,999999999.9999999,999999999.9999999,True
194,0000194.bin,1000000000.0000001,1000000000.0000011,True
195,0000195.bin,1000000000.0,1000000000.0,True
196,0000196.bin,999000000.0120729,999000000.0120729,True
197,0000197.bin,999000000.0091785,999000000.0091785,True
198,0000198.bin,999999999.9999999,999999999.9999999,True
199,0000199.bin,1000000000.0000001,999999999.9999994,True
200,0000200.bin,1000000000.0,1000000000.0,True
201,0000201.bin,999000000.0047517,999000000.0047517,True
202,0000202.bin,999000000.0237565,999000000.0237565,True
203,0000203.bin,31801096.36030475,1000000000.0000001,False
204,0000204.bin,1000000000.0,1000000000.0000001,True
205,0000205.bin,15567977.032543873,2957483.7093434427,False
206,0000206.bin,999000000.0160192,999000000.0160192,True
207,0000207.bin,999000000.0076557,999000000.0076557,True
208,0000208.bin,999000000.0003548,999000000.0003548,True
209,0000209.bin,999000000.006292,999000000.006292,True
210,0000210.bin,1000000000.0,999000000.027079,True
211,0000211.bin,999000000.0339221,999000000.0339221,True
212,0000212.bin,1000000000.0,1000000000.0000007,True
213,0000213.bin,245359837.35634068,612244135.7789801,False
214,0000214.bin,1984934.9028078485,1899021.822983832,False
215,0000215.bin,999999999.9999999,999999999.9999992,True
216,0000216.bin,1661809.4632852739,4336108.254291597,False
217,0000217.bin,999000000.0155829,999000000.0155829,True
218,0000218.bin,1000000000.0,999999999.9999999,True
219,0000219.bin,2788448.399192425,3074621.3991707526,False
220,0000220.bin,1172996.3543726313,7213871.529594366,False
221,0000221.bin,1000000000.0000001,1000000000.0000014,True
222,0000222.bin,999000000.009393,132534905.3091506,True
223,0000223.bin,7683263.239725317,4599095.876402084,False
224,0000224.bin,999000000.001787,999000000.001787,True
225,0000225.bin,40980524.97060608,158419811.315041,False
226,0000226.bin,579083.3360123852,366384.3101534174,False
227,0000227.bin,1000000000.0,1000000000.0000002,True
228,0000228.bin,999000000.0307846,999000000.0307846,True
229,0000229.bin,5106166.720946555,1835241.437393623,False
230,0000230.bin,1000000000.0,999999999.9999996,True
231,0000231.bin,33399073.53240388,7655083.402797856,False
232,0000232.bin,999999999.9999998,761727639.2750541,True
233,0000233.bin,999999999.9999999,1000000000.0000015,True
234,0000234.bin,103783463.27567694,46610121.15154121,False
235,0000235.bin,999000000.0167868,999000000.0167868,True
236,0000236.bin,7165753.479732747,8135719.3849822385,False
237,0000237.bin,12522345.225528823,61949788.84969926,False
238,0000238.bin,2737680.063540745,3704403.646100227,False
239,0000239.bin,2052649.257454869,4708288.104018029,False
240,0000240.bin,999999999.9999999,999999999.9999998,True
241,0000241.bin,1937682.4374620314,24636324.07270327,False
242,0000242.bin,999000000.0192939,999000000.0192939,True
243,0000243.bin,8072993.29049819,3116882.6894909656,False
244,0000244.bin,999000000.0315396,999999999.9999994,True
245,0000245.bin,1000000000.0,1000000000.0000007,True
246,0000246.bin,407155204.00022227,999000000.0053128,False
247,0000247.bin,1000000000.0,1000000000.000001,True
248,0000248.bin,999999999.9999999,1000000000.000001,True
249,0000249.bin,1000000000.0000001,999999999.9999995,True
250,0000250.bin,999000000.0323566,999000000.0323566,True
251,0000251.bin,999000000.0171232,999000000.0171232,True
252,0000252.bin,999999999.9999999,999999999.9999996,True
253,0000253.bin,2486640.709245122,8501385.396866988,False
254,0000254.bin,1000000000.0,999999999.9999996,True
255,0000255.bin,999000000.0040511,999000000.0040511,True
256,0000256.bin,9489183.502282277,12720255.088201657,False
257,0000257.bin,1000000000.0000001,999999999.9999994,True
258,0000258.bin,999999999.9999998,999999999.9999992,True
259,0000259.bin,1000000000.0,999999999.9999981,True
260,0000260.bin,3238150.2373358356,152322.47164966993,False
261,0000261.bin,999000000.0201914,999000000.0201914,True
262,0000262.bin,2091914.3643249138,2711944.667216769,False
263,0000263.bin,6069763.899478005,14087281.809645832,False
264,0000264.bin,999000000.0014199,999000000.0014199,True
265,0000265.bin,81740284.40219022,94601012.42018612,False
266,0000266.bin,999999999.9999999,1000000000.0000002,True
267,0000267.bin,999999999.9999999,1000000000.0000006,True
268,0000268.bin,999000000.0243258,999000000.0243258,True
269,0000269.bin,375034.24108196376,6352993.1970506245,False
270,0000270.bin,999000000.009013,999000000.009013,True
271,0000271.bin,999000000.0268546,999000000.0268546,True
272,0000272.bin,1000000000.0,1000000000.0,True
273,0000273.bin,999000000.0226051,999000000.0226051,True
274,0000274.bin,562359.6583798986,8658201.185674772,False
275,0000275.bin,2348448.9575112867,1243096.846672071,False
276,0000276.bin,1000000000.0000001,1000000000.0000001,True
277,0000277.bin,2447221.796625994,2244135.8596432228,False
278,0000278.bin,999000000.0089786,999000000.0089786,True
279,0000279.bin,999000000.0233766,999000000.0233766,True
280,0000280.bin,116267.40920333687,1485324.3975470955,False
281,0000281.bin,1000000000.0,1000000000.0,True
282,0000282.bin,4970620.240239493,1458518.2752644734,False
283,0000283.bin,2494715.9097207873,5449467.65725793,False
284,0000284.bin,999000000.020701,999000000.020701,True
285,0000285.bin,999000000.0323799,999000000.0323799,True
286,0000286.bin,1000000000.0,999999999.9999994,True
287,0000287.bin,999000000.0139048,999000000.0139048,True
288,0000288.bin,193356465.1385519,879346785.3193265,False
289,0000289.bin,690095.6331509894,1655792.7644339886,False
290,0000290.bin,1289039.6020371984,405657.176497174,False
291,0000291.bin,999000000.0129442,999000000.0129442,True
292,0000292.bin,1313034.705552632,2557607.7741386807,False
293,0000293.bin,999999999.9999999,999999999.9999993,True
294,0000294.bin,999000000.0102522,999000000.0102522,True
295,0000295.bin,999000000.0198408,999000000.0198408,True
296,0000296.bin,1555312.7578073547,581955.5957010896,False
297,0000297.bin,1829288.2412459208,14204151.78234617,False
298,0000298.bin,999000000.0266699,999000000.0266699,True
299,0000299.bin,1000000000.0,992000000.017751,True
300,0000300.bin,941089.263021865,4661451.0781641565,False
301,0000301.bin,1000000000.0,984000000.0337489,True
302,0000302.bin,999000000.0047423,752000000.0121579,True
303,0000303.bin,999000000.0131097,655000000.0317905,True
304,0000304.bin,1000000000.0,655000000.0300673,True
305,0000305.bin,1000000000.0,654000000.0319439,True
306,0000306.bin,11477188.9918769,13392273.50906039,False
307,0000307.bin,1958216.006926591,3521429.6088402523,False
308,0000308.bin,999000000.033913,999000000.033913,True
309,0000309.bin,1000000000.0,999999999.999999,True
310,0000310.bin,77005145.02111912,18108282.48925202,False
311,0000311.bin,835527.14126082,6709008.744832964,False
312,0000312.bin,999000000.0281183,999000000.0281183,True
313,0000313.bin,6815117.389035991,3324801.994493106,False
314,0000314.bin,1000000000.0,1000000000.000001,True
315,0000315.bin,999000000.0309503,999000000.0309503,True
316,0000316.bin,999000000.0020236,999000000.0020236,True
317,0000317.bin,665444.9484822046,2662596.8739112793,False
318,0000318.bin,999000000.0114006,999000000.0114006,True
319,0000319.bin,999000000.0134419,999000000.0134419,True
320,0000320.bin,77322010.72766481,24829096.007464986,False
321,0000321.bin,1000000000.0000001,1000000000.0000015,True
322,0000322.bin,999000000.0223224,999000000.0223224,True
323,0000323.bin,999000000.02814,999999999.9999987,True
324,0000324.bin,999000000.0313466,999000000.0313466,True
325,0000325.bin,999000000.0238817,999000000.0238817,True
326,0000326.bin,999000000.0099725,999000000.0099725,True
327,0000327.bin,999000000.0183713,999000000.0183713,True
328,0000328.bin,999999999.9999999,999999999.9999985,True
329,0000329.bin,1000000000.0,1000000000.0000002,True
330,0000330.bin,840000.5097563041,6064344.069665385,False
331,0000331.bin,999000000.0168617,999000000.0168617,True
332,0000332.bin,197198.79956055517,2971166.8116604625,False
333,0000333.bin,999000000.0037829,999000000.0037829,True
334,0000334.bin,1000000000.0,1000000000.0,True
335,0000335.bin,999000000.0220382,999000000.0220382,True
336,0000336.bin,694274.4139868582,283917.7684521057,False
337,0000337.bin,999000000.0019611,999000000.0019611,True
338,0000338.bin,1000000000.0000002,999999999.9999989,True
339,0000339.bin,999000000.025323,999000000.025323,True
340,0000340.bin,630850.2477315682,87055.95663596813,False
341,0000341.bin,999000000.0120399,999000000.0120399,True
342,0000342.bin,7313110.739367594,11347247.395499472,False
343,0000343.bin,999000000.0245396,999000000.0245396,True
344,0000344.bin,5052078.386280154,3798998.112815592,False
345,0000345.bin,999000000.0050222,999000000.0050222,True
346,0000346.bin,6890648.243889226,4266620.874864068,False
347,0000347.bin,999000000.0337089,999000000.0337089,True
348,0000348.bin,2652147.757060291,3111438.7203328176,False
349,0000349.bin,1000000000.0,999999999.999999,True
350,0000350.bin,7933942.899699656,6225159.151073028,False
351,0000351.bin,999999999.9999999,1000000000.000001,True
352,0000352.bin,999000000.0319895,999000000.0319895,True
353,0000353.bin,1000000000.0000002,999999999.9999992,True
354,0000354.bin,999000000.0078627,2401376.554996672,True
355,0000355.bin,1431801.598973082,2244166.9583591614,False
356,0000356.bin,999000000.0341231,999000000.0341231,True
357,0000357.bin,750138.5957684781,2257224.402402032,False
358,0000358.bin,1000000000.0,999999999.999999,True
359,0000359.bin,1000000000.0,1000000000.0,True
360,0000360.bin,2422854.8803408663,7184854.9703850765,False
361,0000361.bin,999000000.0012851,999000000.0012851,True
362,0000362.bin,999000000.0172242,999000000.0172242,True
363,0000363.bin,999000000.003798,999000000.003798,True
364,0000364.bin,999000000.0307024,999000000.0307024,True
365,0000365.bin,25240546.10885388,17331414.523444902,False
366,0000366.bin,1000000000.0,999999999.9999999,True
367,0000367.bin,839034812.6505269,999000000.0106864,False
368,0000368.bin,999000000.0300081,999000000.0300081,True
369,0000369.bin,999000000.0151047,999000000.0151047,True
370,0000370.bin,999000000.0195848,999000000.0195848,True
371,0000371.bin,999000000.0132713,999000000.0132713,True
372,0000372.bin,5508803.552325702,2302871.3913611583,False
373,0000373.bin,1000000000.0000001,1000000000.0000012,True
374,0000374.bin,999000000.0162753,999000000.0162753,True
375,0000375.bin,999000000.0067492,999000000.0067492,True
376,0000376.bin,1089087.1875115891,549699.5790852803,False
377,0000377.bin,999000000.0090016,999000000.0090016,True
378,0000378.bin,999999999.9999999,999000000.0144414,True
379,0000379.bin,1000000000.0000001,1000000000.0000001,True
380,0000380.bin,738296.0784027728,926677.9422104296,False
381,0000381.bin,999000000.017775,999000000.017775,True
382,0000382.bin,4013129.535222257,389088.23958785174,False
383,0000383.bin,1000000000.0,999999999.9999998,True
384,0000384.bin,2071520.471381077,721718.2046430161,False
385,0000385.bin,999000000.0328696,999000000.0328696,True
386,0000386.bin,999000000.0255724,999000000.0255724,True
387,0000387.bin,999000000.0237374,999000000.0237374,True
388,0000388.bin,999000000.0314193,999000000.0314193,True
389,0000389.bin,999999999.9999999,272774901.26977605,True
390,0000390.bin,567226984.8945726,288414750.96756506,False
391,0000391.bin,999000000.0311161,999000000.0311161,True
392,0000392.bin,673731041.7227198,45637367.076085664,False
393,0000393.bin,1000000000.0000001,1000000000.0000006,True
394,0000394.bin,999999999.9999998,999999999.9999998,True
395,0000395.bin,1000000000.0000001,999999999.9999985,True
396,0000396.bin,1000000000.0,1000000000.0,True
397,0000397.bin,418807.8761639394,539347.6660758222,False
398,0000398.bin,1488368.684717514,3062386.7878850806,False
399,0000399.bin,227319842.8176535,194505025.80098534,False
400,0000400.bin,188028.31793527133,92273.37865032944,False
401,0000401.bin,1000000000.0,1000000000.0,True
402,0000402.bin,999000000.0293993,999000000.0293993,True
403,0000403.bin,1000000000.0,1000000000.0,True
404,0000404.bin,999999999.9999999,999999999.9999988,True
405,0000405.bin,2800765.2580507835,2814802.73304891,False
406,0000406.bin,13889927.346710788,16828138.784154996,False
407,0000407.bin,999000000.0146807,999000000.0146807,True
408,0000408.bin,93863480.7890377,483077098.3050875,False
409,0000409.bin,1000000000.0,1000000000.0000002,True
410,0000410.bin,93584329.05927372,37794813.04438038,False
411,0000411.bin,999000000.0064888,999000000.0064888,True
412,0000412.bin,999000000.001954,999000000.001954,True
413,0000413.bin,999999999.9999998,999999999.9999998,True
414,0000414.bin,1000000000.0000001,999999999.9999988,True
415,0000415.bin,1000000000.0,1000000000.0000004,True
416,0000416.bin,1000000000.0000001,1000000000.0000001,True
417,0000417.bin,2476147.312490643,729249.1962222287,False
418,0000418.bin,1000000000.0000001,1000000000.0000008,True
419,0000419.bin,1000000000.0,1000000000.000001,True
420,0000420.bin,1000000000.0,999999999.9999998,True
421,0000421.bin,1000000000.0,1000000000.0000006,True
422,0000422.bin,3068259.3575558364,1412445.862663508,False
423,0000423.bin,1000000000.0,999999999.9999995,True
424,0000424.bin,3857645.2146251826,3204585.1834258894,False
425,0000425.bin,999999999.9999998,999999999.9999998,True
426,0000426.bin,999000000.0061555,999000000.0061555,True
427,0000427.bin,999999999.9999999,999999999.9999999,True
428,0000428.bin,999000000.0131344,999000000.0131344,True
429,0000429.bin,999000000.0059286,999000000.0059286,True
430,0000430.bin,1000000000.0,1000000000.0,True
431,0000431.bin,999000000.0277113,999000000.0277113,True
432,0000432.bin,986500.6583340657,286097.7620965635,False
433,0000433.bin,1297330.5796445194,1552079.5036604083,False
434,0000434.bin,224315.0595056505,718744.6899497317,False
435,0000435.bin,25520582.190417368,18112839.652162123,False
436,0000436.bin,999999999.9999999,999999999.9999999,True
437,0000437.bin,999000000.0332474,999000000.0332474,True
438,0000438.bin,2878175.8928484516,20421493.957771767,False
439,0000439.bin,999000000.0118256,999000000.0118256,True
440,0000440.bin,1123384.009925761,7003816.707040099,False
441,0000441.bin,999000000.0043167,999000000.0043167,True
442,0000442.bin,999000000.0202026,999000000.0202026,True
443,0000443.bin,999000000.0318549,999000000.0318549,True
444,0000444.bin,999000000.0243927,999000000.0243927,True
445,0000445.bin,1000000000.0000001,999999999.9999994,True
446,0000446.bin,999000000.00367,999000000.00367,True
447,0000447.bin,1000000000.0000001,999999999.9999994,True
448,0000448.bin,999000000.0221636,999000000.0221636,True
449,0000449.bin,1380518.6261326598,2293175.4800680154,False
450,0000450.bin,999000000.0180558,999000000.0180558,True
451,0000451.bin,1952881.4691444372,930985.2429927184,False
452,0000452.bin,999000000.0081296,999000000.0081296,True
453,0000453.bin,999000000.0310209,999000000.0310209,True
454,0000454.bin,605619389.9770967,45904497.325265035,False
455,0000455.bin,1000000000.0,1000000000.0000006,True
456,0000456.bin,1000000000.0,999999999.9999996,True
457,0000457.bin,1843038.4773333783,2352390.2112521543,False
458,0000458.bin,1000000000.0,1000000000.0000005,True
459,0000459.bin,1000000000.0,999999999.9999993,True
460,0000460.bin,1358830.2334709857,8128628.3958324455,False
461,0000461.bin,3879519.17041518,2877556.8210074813,False
462,0000462.bin,999000000.0239573,999000000.0239573,True
463,0000463.bin,75263388.27021758,147126187.28911847,False
464,0000464.bin,119186190.7904397,73311077.9814845,False
465,0000465.bin,999000000.0341916,999000000.0341916,True
466,0000466.bin,37839794.341279596,194297.8222510281,False
467,0000467.bin,28393776.90814831,26784098.359352708,False
468,0000468.bin,1000000000.0000001,1000000000.0000004,True
469,0000469.bin,999000000.0194539,999000000.0194539,True
470,0000470.bin,1000000000.0000001,1000000000.0000006,True
471,0000471.bin,1000000000.0,999999999.9999994,True
472,0000472.bin,69391.2207891716,560306.3461381206,False
473,0000473.bin,1127193.1695002161,27095570.38014626,False
474,0000474.bin,999000000.009842,999000000.009842,True
475,0000475.bin,999000000.0134567,999000000.0134567,True
476,0000476.bin,57464757.11586799,99302550.3637095,False
477,0000477.bin,1000000000.0000001,1000000000.0000001,True
478,0000478.bin,129155006.03565212,350476245.60743755,False
479,0000479.bin,78189084.6102987,496844477.14921516,False
480,0000480.bin,999000000.0229559,999000000.0229559,True
481,0000481.bin,49755574.815120585,28948111.502892036,False
482,0000482.bin,999999999.9999999,999999999.9999999,True
483,0000483.bin,850214.3426779473,1658251.586648766,False
484,0000484.bin,999000000.0219604,999000000.0219604,True
485,0000485.bin,999000000.0109494,999000000.0109494,True
486,0000486.bin,999000000.0313215,999000000.0313215,True
487,0000487.bin,8100310.305558375,377778.70998415776,False
488,0000488.bin,1000000000.0,999999999.9999996,True
489,0000489.bin,1343580.2499957853,597706.1733660988,False
490,0000490.bin,263850.81655151607,254856.34599356685,False
491,0000491.bin,999000000.0331907,999000000.0331907,True
492,0000492.bin,999999999.9999999,733000000.0298955,True
493,0000493.bin,1000000000.0,999999999.9999992,True
494,0000494.bin,999000000.0314271,999000000.0314271,True
495,0000495.bin,999000000.0183991,999000000.0183991,True
496,0000496.bin,1000000000.0,999999999.9999996,True
497,0000497.bin,1000000000.0,1000000000.0,True
498,0000498.bin,999000000.0039046,999000000.0039046,True
499,0000499.bin,20467722.83329425,33717627.884051,False
500,0000500.bin,999000000.0273836,197726830.75472653,True
501,0000501.bin,1000000000.0,1000000000.0000005,True
502,0000502.bin,62138.32730898719,54329.445526930074,False
503,0000503.bin,9595722.607163414,17487690.256659113,False
504,0000504.bin,477431.6297157435,449338.8048563501,False
505,0000505.bin,35645096.713972315,30330687.225952845,False
506,0000506.bin,999000000.0219967,999000000.0219967,True
507,0000507.bin,999000000.0289949,999000000.0289949,True
508,0000508.bin,45460990.139849976,5009704.936791041,False
509,0000509.bin,999000000.0093348,999000000.0093348,True
510,0000510.bin,29582.215357068646,53601.15280186165,False
511,0000511.bin,1000000000.0000001,1000000000.0000001,True
512,0000512.bin,1000000000.0,1000000000.0000004,True
513,0000513.bin,2801971.2663637893,7990524.476460535,False
514,0000514.bin,999000000.0221698,999000000.0221698,True
515,0000515.bin,999000000.0086496,999000000.0086496,True
516,0000516.bin,999999999.9999998,999999999.9999994,True
517,0000517.bin,999000000.0235527,999000000.0235527,True
518,0000518.bin,1000000000.0,822607545.0874138,True
519,0000519.bin,999999999.9999999,1000000000.0000002,True
520,0000520.bin,1000000000.0,999999999.9999995,True
521,0000521.bin,1000000000.0,999999999.9999998,True
522,0000522.bin,2977076.5443962826,6072735.018874068,False
523,0000523.bin,999000000.0063732,999000000.0063732,True
524,0000524.bin,1241050.6362451413,490897.3550781559,False
525,0000525.bin,999000000.0180898,999000000.0180898,True
526,0000526.bin,999999999.9999998,999999999.9999998,True
527,0000527.bin,999000000.0272791,999000000.0272791,True
528,0000528.bin,1000000000.0000001,1000000000.0000011,True
529,0000529.bin,105352.54461664878,4804918.1504141,False
530,0000530.bin,999000000.0047183,999000000.0047183,True
531,0000531.bin,999000000.018582,999000000.018582,True
532,0000532.bin,999000000.0109581,999000000.0109581,True
533,0000533.bin,2670726.594350101,1638683.2598367173,False
534,0000534.bin,24521803.23907336,41169295.61144629,False
535,0000535.bin,999000000.0225992,999000000.0225992,True
536,0000536.bin,294542617.7081354,250493551.21086827,False
537,0000537.bin,999000000.0145948,999000000.0145948,True
538,0000538.bin,999999999.9999999,1000000000.0000002,True
539,0000539.bin,13892271.989241138,32507364.404783577,False
540,0000540.bin,999000000.0281886,999000000.0281886,True
541,0000541.bin,1000000000.0,1000000000.0,True
542,0000542.bin,1000000000.0,1000000000.0000005,True
543,0000543.bin,1000000000.0000001,1000000000.0000001,True
544,0000544.bin,7511815.605635689,445335981.4176733,False
545,0000545.bin,999999999.9999998,999999999.9999998,True
546,0000546.bin,1000000000.0000001,1000000000.0000001,True
547,0000547.bin,5032175.766107372,2282443.9979970674,False
548,0000548.bin,999000000.0276829,999000000.0276829,True
549,0000549.bin,999000000.0199134,999000000.0199134,True
550,0000550.bin,999999999.9999999,999999999.9999992,True
551,0000551.bin,1000000000.0000001,1000000000.0000005,True
552,0000552.bin,453856.8940583425,659783.8782701385,False
553,0000553.bin,7237175.679474778,2670461.76229649,False
554,0000554.bin,4976684.789215823,1820441.8958871523,False
555,0000555.bin,999000000.0010588,999000000.0010588,True
556,0000556.bin,999999999.9999999,999999999.9999992,True
557,0000557.bin,1000000000.0000002,1000000000.0000008,True
558,0000558.bin,2705309.3053267724,3741228.308767081,False
559,0000559.bin,999999999.9999999,999999999.9999999,True
560,0000560.bin,1223423.4872965435,1099988.540393307,False
561,0000561.bin,999000000.0036968,999000000.0036968,True
562,0000562.bin,999000000.0095613,999000000.0095613,True
563,0000563.bin,82935050.91531202,12719546.751249919,False
564,0000564.bin,1000000000.0000001,1000000000.0000004,True
565,0000565.bin,999000000.0075569,999000000.0075569,True
566,0000566.bin,125308865.66360058,57410072.749736555,False
567,0000567.bin,1000000000.0,999999999.9999989,True
568,0000568.bin,407885.59845658654,1065733.564730634,False
569,0000569.bin,6531098.302685934,7899307.495328484,False
570,0000570.bin,1000000000.0,999999999.9999999,True
571,0000571.bin,14919709.874061298,3425682.246200167,False
572,0000572.bin,944594427.3245071,295275266.912892,False
573,0000573.bin,389111214.47661775,999999999.9999999,False
574,0000574.bin,999999999.9999999,1000000000.0000013,True
575,0000575.bin,1935531.2314383134,11058814.363391131,False
576,0000576.bin,999000000.0103498,999000000.0103498,True
577,0000577.bin,999000000.0088524,999000000.0088524,True
578,0000578.bin,999000000.0255167,999000000.0255167,True
579,0000579.bin,957986772.6046242,1000000000.0000005,False
580,0000580.bin,1000000000.0000001,1000000000.0000001,True
581,0000581.bin,999000000.0317764,999000000.0317764,True
582,0000582.bin,4812344.726142422,2634353.5202645506,False
583,0000583.bin,1000000000.0000001,999999999.9999998,True
584,0000584.bin,39928211.57525228,389459125.30989575,False
585,0000585.bin,1000000000.0000001,1000000000.0000001,True
586,0000586.bin,723949.9869610398,8479714.960776541,False
587,0000587.bin,1000000000.0000001,1000000000.0000011,True
588,0000588.bin,999000000.0239576,999000000.0239576,True
589,0000589.bin,1000000000.0,999999999.9999998,True
590,0000590.bin,1000000000.0,999999999.9999998,True
591,0000591.bin,999999999.9999999,999999999.9999996,True
592,0000592.bin,852209.5969545039,1353987.3489307677,False
593,0000593.bin,208053039.15845424,999999999.9999998,False
594,0000594.bin,324721.73303567164,108918.8372480012,False
595,0000595.bin,1000000000.0,1000000000.0,True
596,0000596.bin,1000000000.0,999999999.9999998,True
597,0000597.bin,1000000000.0000001,1000000000.0000011,True
598,0000598.bin,9058233.331932204,94751115.05405277,False
599,0000599.bin,1000000000.0,999999999.9999996,True
600,0000600.bin,1000000000.0,999999999.999999,True
601,0000601.bin,625216.7870544619,6870745.3651639735,False
602,0000602.bin,414241.046875018,4916237.325215707,False
603,0000603.bin,999999999.9999999,1000000000.0000002,True
604,0000604.bin,999000000.0145438,999000000.0145438,True
605,0000605.bin,999000000.0255712,999000000.0255712,True
606,0000606.bin,25691851.251072846,45312544.07049013,False
607,0000607.bin,1000000000.0000001,999999999.9999999,True
608,0000608.bin,1000000000.0000001,999999999.9999995,True
609,0000609.bin,1967413.2319556307,2361079.6605999754,False
610,0000610.bin,999000000.0300248,999000000.0300248,True
611,0000611.bin,999999999.9999999,999999999.9999999,True
612,0000612.bin,1000000000.0,1000000000.0,True
613,0000613.bin,3494440.6842508325,6057007.059701815,False
614,0000614.bin,1000000000.0000001,1000000000.0000001,True
615,0000615.bin,1000000000.0000001,999999999.9999994,True
616,0000616.bin,1000000000.0000001,1000000000.0000001,True
617,0000617.bin,999000000.0111514,426000000.0104483,True
618,0000618.bin,1090323.628928559,1941342.8533166738,False
619,0000619.bin,1000000000.0,999999999.9999992,True
620,0000620.bin,999000000.0105267,999000000.0105267,True
621,0000621.bin,999000000.0132235,999000000.0132235,True
622,0000622.bin,999000000.0048388,999000000.0048388,True
623,0000623.bin,5052316.137296041,28818451.370749608,False
624,0000624.bin,1000000000.0,1000000000.0000005,True
625,0000625.bin,127429443.7384149,122776314.52676232,False
626,0000626.bin,705145.7703098101,2152334.7059893464,False
627,0000627.bin,1566452.1628833215,4723031.917940652,False
628,0000628.bin,999000000.019713,999000000.019713,True
629,0000629.bin,2661737.80271662,1370807.9148545417,False
630,0000630.bin,1000000000.0,1000000000.0000006,True
631,0000631.bin,1547208.0781517671,3051620.8181849113,False
632,0000632.bin,7460332.771656697,8464216.131473163,False
633,0000633.bin,999000000.0240891,999000000.0240891,True
634,0000634.bin,1000000000.0,999999999.9999993,True
635,0000635.bin,999000000.0003719,66129791.34391047,True
636,0000636.bin,2966933.622670894,2713883.9422187284,False
637,0000637.bin,999000000.0163022,999000000.0163022,True
638,0000638.bin,1000000000.0,1000000000.0000004,True
639,0000639.bin,276432301.8723005,288442989.003364,False
640,0000640.bin,999999999.9999999,999999999.9999993,True
641,0000641.bin,999000000.0053084,999000000.0053084,True
642,0000642.bin,999000000.0163417,999000000.0163417,True
643,0000643.bin,999000000.0012928,999000000.0012928,True
644,0000644.bin,1000000000.0,999000000.0201167,True
645,0000645.bin,999000000.01804,434000000.0096481,True
646,0000646.bin,999000000.0339197,999000000.0339197,True
647,0000647.bin,2429600.213769663,1754707.8679512774,False
648,0000648.bin,1000000000.0,999999999.9999996,True
649,0000649.bin,1000000000.0,999999999.9999993,True
650,0000650.bin,999000000.0106106,999000000.0106106,True
651,0000651.bin,999000000.0117588,999000000.0117588,True
652,0000652.bin,1000000000.0000001,1000000000.0000008,True
653,0000653.bin,999999999.9999999,999999999.9999999,True
654,0000654.bin,3818952.7227648143,2747472.282169886,False
655,0000655.bin,1000000000.0,999999999.9999993,True
656,0000656.bin,999999999.9999999,1000000000.0000005,True
657,0000657.bin,999000000.0295421,999000000.0295421,True
658,0000658.bin,1000000000.0,1000000000.0000002,True
659,0000659.bin,999000000.0255563,999000000.0255563,True
660,0000660.bin,999000000.0337453,999000000.0337453,True
661,0000661.bin,999000000.0007707,999000000.0007707,True
662,0000662.bin,10910482.0609456,2305442.1017897893,False
663,0000663.bin,999999999.9999999,1000000000.0000008,True
664,0000664.bin,536046468.6310854,79923507.83855502,False
665,0000665.bin,999000000.0310702,999000000.0310702,True
666,0000666.bin,999999999.9999999,1000000000.0000005,True
667,0000667.bin,999000000.0216408,999000000.0216408,True
668,0000668.bin,1000000000.0,1000000000.0,True
669,0000669.bin,1000000000.0,1000000000.0000008,True
670,0000670.bin,3956668.3894898924,1163704.6960365123,False
671,0000671.bin,347077420.617351,498254811.9303354,False
672,0000672.bin,999000000.0135076,999000000.0135076,True
673,0000673.bin,5021409.253429122,9008784.918743318,False
674,0000674.bin,1000000000.0,1000000000.0,True
675,0000675.bin,999000000.0047956,999000000.0047956,True
676,0000676.bin,999000000.0021437,999000000.0021437,True
677,0000677.bin,17826242.00116551,3560228.9278579718,False
678,0000678.bin,999000000.0216987,999000000.0216987,True
679,0000679.bin,999999999.9999999,1000000000.0000002,True
680,0000680.bin,999999999.9999998,999999999.9999998,True
681,0000681.bin,999000000.009134,999000000.009134,True
682,0000682.bin,1166730.38004766,830789.739688484,False
683,0000683.bin,999000000.0346261,999000000.0346261,True
684,0000684.bin,602893.8037224963,1396593.0607647663,False
685,0000685.bin,253581265.99047625,999999999.9999987,False
686,0000686.bin,1467751.3555978679,364885.01226466626,False
687,0000687.bin,1000000000.0,1000000000.0000005,True
688,0000688.bin,999000000.0139345,999000000.0139345,True
689,0000689.bin,5455119.050424255,69320274.27644838,False
690,0000690.bin,1428699.8094895694,935805.6081419867,False
691,0000691.bin,999000000.0071545,999000000.0071545,True
692,0000692.bin,999000000.0064974,999000000.0064974,True
693,0000693.bin,10663537.597310048,12841306.951683689,False
694,0000694.bin,1000000000.0000001,999999999.9999985,True
695,0000695.bin,999000000.0318599,999000000.0318599,True
696,0000696.bin,635293.0271236396,180648.84619716957,False
697,0000697.bin,28866455.74875457,2226395.9875616455,False
698,0000698.bin,10732450.313183475,4937763.650106203,False
699,0000699.bin,1000000000.0,1000000000.0,True
700,0000700.bin,22441475.795813654,17196673.703306902,False
701,0000701.bin,999999999.9999999,1000000000.0000011,True
702,0000702.bin,999000000.0259694,999000000.0259694,True
703,0000703.bin,3086245.0691875475,96653797.08393073,False
704,0000704.bin,420795799.7436415,999000000.0283936,False
705,0000705.bin,1000000000.0,1000000000.0,True
706,0000706.bin,999000000.0153387,999000000.0153387,True
707,0000707.bin,999000000.0096022,999000000.0096022,True
708,0000708.bin,78597028.62672421,8377578.183320721,False
709,0000709.bin,1000000000.0,1000000000.0000005,True
710,0000710.bin,1000000000.0,999999999.999999,True
711,0000711.bin,804165697.5600653,999000000.0120591,False
712,0000712.bin,999999999.9999999,999999999.9999995,True
713,0000713.bin,3448813.917826801,6302068.8414018955,False
714,0000714.bin,999000000.0085799,999000000.0085799,True
715,0000715.bin,999000000.0329217,999000000.0329217,True
716,0000716.bin,999000000.0130391,999000000.0130391,True
717,0000717.bin,999999999.9999999,1000000000.0000019,True
718,0000718.bin,999000000.0155519,999000000.0155519,True
719,0000719.bin,999999999.9999999,1000000000.0000006,True
720,0000720.bin,5800675.08034518,7529479.712472731,False
721,0000721.bin,1229057.085587787,1538467.8007712453,False
722,0000722.bin,36215085.897187054,20438046.251625974,False
723,0000723.bin,3786354.637901916,5752739.01677623,False
724,0000724.bin,999999999.9999999,1000000000.0000002,True
725,0000725.bin,999000000.0091298,999000000.0091298,True
726,0000726.bin,5237052.425701682,558139.1703109017,False
727,0000727.bin,999000000.0252091,999000000.0252091,True
728,0000728.bin,1000000000.0,999999999.9999996,True
729,0000729.bin,609809125.9499325,847606521.7732617,False
730,0000730.bin,1731413.0983432827,3688828.2355992184,False
731,0000731.bin,803186139.4648969,999000000.0257705,False
732,0000732.bin,830313588.6203518,999000000.0147052,False
733,0000733.bin,999000000.028137,999000000.028137,True
734,0000734.bin,88045281.29416268,26454807.957559515,False
735,0000735.bin,610441.6661903185,797882.3687180941,False
736,0000736.bin,6648824.729446062,1412666.6293378635,False
737,0000737.bin,1000000000.0,999999999.9999994,True
738,0000738.bin,999000000.0165769,999000000.0165769,True
739,0000739.bin,1748494.2427079182,4102777.9465962774,False
740,0000740.bin,14722454.152327476,21285093.44385779,False
741,0000741.bin,999000000.0095887,999000000.0095887,True
742,0000742.bin,999000000.0228326,999000000.0228326,True
743,0000743.bin,999000000.0284914,999000000.0284914,True
744,0000744.bin,1000000000.0000001,1000000000.0000001,True
745,0000745.bin,999000000.0141196,999000000.0141196,True
746,0000746.bin,1000000000.0,999999999.9999989,True
747,0000747.bin,1310809.1915464143,3806171.5540766343,False
748,0000748.bin,999000000.009405,999000000.009405,True
749,0000749.bin,999000000.0162659,999000000.0162659,True
750,0000750.bin,16370870.313006157,3538892.7494343356,False
751,0000751.bin,1000000000.0000002,1000000000.0000012,True
752,0000752.bin,999999999.9999999,999999999.9999996,True
753,0000753.bin,999000000.0011116,999000000.0011116,True
754,0000754.bin,999000000.0190072,999000000.0190072,True
755,0000755.bin,999000000.0171224,999000000.0171224,True
756,0000756.bin,999000000.02781,999000000.02781,True
757,0000757.bin,999000000.0274951,999000000.0274951,True
758,0000758.bin,999000000.0034381,999000000.0034381,True
759,0000759.bin,999999999.9999999,999999999.9999993,True
760,0000760.bin,999000000.0002632,999000000.0002632,True
761,0000761.bin,68479605.01583953,29876286.0804909,False
762,0000762.bin,2226795.7776264492,7944879.742449434,False
763,0000763.bin,1000000000.0000001,1000000000.0000004,True
764,0000764.bin,1000000000.0000001,1000000000.0000005,True
765,0000765.bin,999999999.9999998,999999999.9999985,True
766,0000766.bin,941357.9732780046,2863552.253463189,False
767,0000767.bin,1000000000.0,999999999.9999992,True
768,0000768.bin,3254436.379392417,1987890.2653524606,False
769,0000769.bin,999999999.9999999,999999999.9999994,True
770,0000770.bin,999999999.9999998,1000000000.0000005,True
771,0000771.bin,1000000000.0,1000000000.0,True
772,0000772.bin,1221765.9141053106,1863942.768035045,False
773,0000773.bin,999000000.0177635,999000000.0177635,True
774,0000774.bin,3330331.448774412,1320368.343884348,False
775,0000775.bin,992548837.7497505,380321525.7268647,False
776,0000776.bin,999000000.0279591,999000000.0279591,True
777,0000777.bin,582052.5911717744,1667345.2345825762,False
778,0000778.bin,2446613.248832271,1797585.1643328618,False
779,0000779.bin,999000000.0070045,999000000.0070045,True
780,0000780.bin,999000000.0047618,999000000.0047618,True
781,0000781.bin,856474.5635155423,765873.3757626008,False
782,0000782.bin,999000000.0266489,999000000.0266489,True
783,0000783.bin,1000000000.0,1000000000.0000007,True
784,0000784.bin,244940868.1068841,99737778.99302861,False
785,0000785.bin,999000000.008423,999000000.008423,True
786,0000786.bin,999000000.0182372,999000000.0182372,True
787,0000787.bin,1000000000.0,999999999.9999996,True
788,0000788.bin,74242160.09745993,3310440.7470407784,False
789,0000789.bin,625002350.7762921,528340155.02883196,False
790,0000790.bin,999000000.0329274,999000000.0329274,True
791,0000791.bin,1000000000.0,999999999.999999,True
792,0000792.bin,999000000.0177659,999000000.0177659,True
793,0000793.bin,470878.5540118531,1102195.070543872,False
794,0000794.bin,999000000.0232372,999000000.0232372,True
795,0000795.bin,3569990.4432927314,972835.0545109158,False
796,0000796.bin,999000000.0207267,999000000.0207267,True
797,0000797.bin,37407211.256053284,21201842.29292145,False
798,0000798.bin,1000000000.0,1000000000.0,True
799,0000799.bin,1384383.9410401804,2262335.514879071,False
800,0000800.bin,1000000000.0000002,999999999.9999999,True
801,0000801.bin,56726840.22838497,27091687.033559185,False
802,0000802.bin,15445390.550009247,14623241.305636484,False
803,0000803.bin,609974.8091347526,1067917.9222717853,False
804,0000804.bin,1000000000.0,999999999.9999995,True
805,0000805.bin,3668872.4352814755,1836893.9872387059,False
806,0000806.bin,1414213.3898828905,996618.0523425828,False
807,0000807.bin,999999999.9999999,999999999.9999999,True
808,0000808.bin,999000000.0343262,999000000.0343262,True
809,0000809.bin,999000000.0021528,999000000.0021528,True
810,0000810.bin,999000000.0326355,999000000.0326355,True
811,0000811.bin,999000000.0181268,999000000.0181268,True
812,0000812.bin,1000000000.0,1000000000.0000005,True
813,0000813.bin,1000000000.0000001,999999999.9999985,True
814,0000814.bin,999000000.0191551,999000000.0191551,True
815,0000815.bin,999000000.0219204,999000000.0219204,True
816,0000816.bin,999000000.0133318,999000000.0133318,True
817,0000817.bin,736645.9893020849,129026.3189810022,False
818,0000818.bin,1000000000.0,1000000000.000001,True
819,0000819.bin,999999999.9999999,999999999.9999998,True
820,0000820.bin,7341656.316909604,1451748.5899648685,False
821,0000821.bin,1000000000.0,999999999.9999983,True
822,0000822.bin,1000000000.0,1000000000.0000007,True
823,0000823.bin,999000000.0287511,999000000.0287511,True
824,0000824.bin,1000000000.0,1000000000.0000017,True
825,0000825.bin,999000000.0070546,999000000.0070546,True
826,0000826.bin,1621978.9071878046,4352393.244175135,False
827,0000827.bin,15976776.566994332,41597839.17662926,False
828,0000828.bin,2102524.312709773,6824873.535969265,False
829,0000829.bin,999000000.0194668,999000000.0194668,True
830,0000830.bin,2823644.2264587544,2338512.006693906,False
831,0000831.bin,1000000000.0,1000000000.0000002,True
832,0000832.bin,999000000.0177718,999000000.0177718,True
833,0000833.bin,1000000000.0000001,1000000000.0000001,True
834,0000834.bin,62736718.71618692,136209813.63216066,False
835,0000835.bin,298551966.4344915,1000000000.0,False
836,0000836.bin,999000000.0277957,999000000.0277957,True
837,0000837.bin,999000000.0241488,999000000.0241488,True
838,0000838.bin,1000000000.0,999999999.9999993,True
839,0000839.bin,999000000.0103688,999000000.0103688,True
840,0000840.bin,2335157.4751314083,2121847.001202137,False
841,0000841.bin,999999999.9999999,999999999.9999993,True
842,0000842.bin,999000000.0100628,981682387.7471769,True
843,0000843.bin,71103462.21006683,404057864.0065887,False
844,0000844.bin,156026.70476124086,533879.0620832302,False
845,0000845.bin,999000000.0249984,999000000.0249984,True
846,0000846.bin,1000000000.0,1000000000.0000002,True
847,0000847.bin,1000000000.0,1000000000.0000004,True
848,0000848.bin,999000000.0307312,999000000.0307312,True
849,0000849.bin,2191605.907660538,2076813.754800688,False
850,0000850.bin,1000000000.0,1000000000.0000004,True
851,0000851.bin,94370907.50769232,101401142.05439349,False
852,0000852.bin,1000000000.0,1000000000.0000011,True
853,0000853.bin,999000000.0013076,999000000.0013076,True
854,0000854.bin,1000000000.0,1000000000.0000008,True
855,0000855.bin,51820984.87635374,16784435.870286833,False
856,0000856.bin,999000000.006877,999000000.006877,True
857,0000857.bin,999000000.0319172,999000000.0319172,True
858,0000858.bin,26216085.339377973,104210347.13851878,False
859,0000859.bin,999000000.0065155,999000000.0065155,True
860,0000860.bin,493738641.13373756,849360841.353351,False
861,0000861.bin,928494.2418407856,1337675.5187694374,False
862,0000862.bin,8874437.516735047,20503554.76315187,False
863,0000863.bin,1000000000.0000002,999999999.9999989,True
864,0000864.bin,999000000.0048705,999000000.0048705,True
865,0000865.bin,999000000.0261557,999000000.0261557,True
866,0000866.bin,999000000.021655,999000000.021655,True
867,0000867.bin,999000000.033962,999000000.033962,True
868,0000868.bin,999000000.0033867,999000000.0033867,True
869,0000869.bin,335812.7126328203,3714280.843189947,False
870,0000870.bin,2956020.790905066,6387923.366507733,False
871,0000871.bin,999999999.9999999,999999999.9999999,True
872,0000872.bin,1000000000.0,1000000000.000001,True
873,0000873.bin,686878.973104251,678609.6082921814,False
874,0000874.bin,1759025.8343586,1965178.989934175,False
875,0000875.bin,999000000.0109766,999000000.0109766,True
876,0000876.bin,1000000000.0,1000000000.0,True
877,0000877.bin,999000000.0120714,999000000.0120714,True
878,0000878.bin,1000000000.0,1000000000.0000007,True
879,0000879.bin,999000000.0297956,999000000.0297956,True
880,0000880.bin,999999999.9999999,999999999.9999992,True
881,0000881.bin,999000000.0070707,999000000.0070707,True
882,0000882.bin,999000000.0122585,999000000.0122585,True
883,0000883.bin,1000000000.0,1000000000.0000011,True
884,0000884.bin,10390700.38766466,3166674.9965814473,False
885,0000885.bin,999000000.0315473,999000000.0315473,True
886,0000886.bin,7110961.0702660605,4393157.991211462,False
887,0000887.bin,1000000000.0000002,999999999.9999995,True
888,0000888.bin,999000000.011134,999000000.011134,True
889,0000889.bin,7196195.658925991,16966864.729503643,False
890,0000890.bin,999000000.0045321,999000000.0045321,True
891,0000891.bin,1539008.5156252063,4083696.584476234,False
892,0000892.bin,1000000000.0,1000000000.0000005,True
893,0000893.bin,999000000.0258236,999000000.0258236,True
894,0000894.bin,999000000.0032586,999000000.0032586,True
895,0000895.bin,999999999.9999998,999999999.9999992,True
896,0000896.bin,635683.2574093684,1289539.0552221136,False
897,0000897.bin,999000000.0272734,999000000.0272734,True
898,0000898.bin,1000000000.0,1000000000.000001,True
899,0000899.bin,1000000000.0000001,1000000000.0000006,True
900,0000900.bin,999000000.025042,999000000.025042,True
901,0000901.bin,999000000.0268824,999000000.0268824,True
902,0000902.bin,2666555.7473834306,3024626.180408242,False
903,0000903.bin,284099.2525798564,455749.1247449685,False
904,0000904.bin,1000000000.0000001,1000000000.0000001,True
905,0000905.bin,999000000.0036405,999000000.0036405,True
906,0000906.bin,999000000.015516,999000000.015516,True
907,0000907.bin,999000000.0006803,999000000.0006803,True
908,0000908.bin,1000000000.0,1000000000.0000023,True
909,0000909.bin,999000000.0035207,999000000.0035207,True
910,0000910.bin,1000000000.0,999000000.020661,True
911,0000911.bin,999000000.0111358,999000000.0111358,True
912,0000912.bin,68888147.83449918,20070395.135136865,False
913,0000913.bin,4242598.270045406,2816891.6242438396,False
914,0000914.bin,1000000000.0000002,1000000000.0000002,True
915,0000915.bin,999999999.9999999,1000000000.0000006,True
916,0000916.bin,999000000.0030482,999000000.0030482,True
917,0000917.bin,1000000000.0,1000000000.0000007,True
918,0000918.bin,999000000.0252819,999000000.0252819,True
919,0000919.bin,999000000.0152582,999000000.0152582,True
920,0000920.bin,999000000.028244,999000000.028244,True
921,0000921.bin,1000000000.0,999999999.9999992,True
922,0000922.bin,541277.8286658655,619890.245491641,False
923,0000923.bin,5905902.78610479,25971221.0379563,False
924,0000924.bin,1000000000.0,1000000000.000001,True
925,0000925.bin,1000000000.0,998356085.8813357,True
926,0000926.bin,14602356.452864725,8362463.004331424,False
927,0000927.bin,1000000000.0,999999999.9999996,True
928,0000928.bin,1000000000.0,999999999.9999996,True
929,0000929.bin,1000000000.0,1000000000.0000004,True
930,0000930.bin,999999999.9999999,1000000000.0000008,True
931,0000931.bin,157665067.49647358,631337264.1958281,False
932,0000932.bin,1000000000.0,999999999.9999993,True
933,0000933.bin,4661471.40179111,1674382.6942351428,False
934,0000934.bin,999000000.0138572,999000000.0138572,True
935,0000935.bin,294789538.28732675,45902415.439957626,False
936,0000936.bin,999000000.0181794,999000000.0181794,True
937,0000937.bin,999000000.0204055,999000000.0204055,True
938,0000938.bin,14882918.479942992,3387882.079693161,False
939,0000939.bin,999000000.0130473,999000000.0130473,True
940,0000940.bin,1957988.7967480428,1079698.0515039684,False
941,0000941.bin,999000000.0123701,999000000.0123701,True
942,0000942.bin,999000000.0251842,999000000.0251842,True
943,0000943.bin,2586642.8397501744,600936.8635927512,False
944,0000944.bin,1000000000.0000002,1000000000.0000008,True
945,0000945.bin,14626786.448277816,43393699.00855855,False
946,0000946.bin,999000000.0238849,999000000.0238849,True
947,0000947.bin,999000000.0073568,1000000000.0000002,True
948,0000948.bin,4979579.6560800765,2072015.423584354,False
949,0000949.bin,999000000.0215564,999000000.0215564,True
950,0000950.bin,1000000000.0,401000000.01104915,True
951,0000951.bin,1000000000.0000001,1000000000.0000001,True
952,0000952.bin,1000000000.0,1000000000.0,True
953,0000953.bin,3532442.8717670925,1408199.1864936799,False
954,0000954.bin,727094.7679958199,9284016.718627712,False
955,0000955.bin,1000000000.0,1000000000.0,True
956,0000956.bin,999000000.0189778,999000000.0189778,True
957,0000957.bin,5681030.087409402,947114.8620053596,False
958,0000958.bin,991563.6502570413,4463176.593719333,False
959,0000959.bin,999000000.02223,999000000.02223,True
960,0000960.bin,999999999.9999999,999999999.9999992,True
961,0000961.bin,409168148.13245255,766833501.0862658,False
962,0000962.bin,7688115.178071136,2745327.195926522,False
963,0000963.bin,1184186.3707783343,134648.27877113884,False
964,0000964.bin,999000000.0067708,999000000.0067708,True
965,0000965.bin,6782062.823034439,5182624.31047607,False
966,0000966.bin,999000000.0282501,999000000.0282501,True
967,0000967.bin,1000000000.0,1000000000.0,True
968,0000968.bin,115961501.76100822,1000000000.0000005,False
969,0000969.bin,999000000.0000612,999000000.0000612,True
970,0000970.bin,1000000000.0,999999999.9999988,True
971,0000971.bin,999000000.0029984,999000000.0029984,True
972,0000972.bin,999000000.0345993,999000000.0345993,True
973,0000973.bin,15757878.843439454,17294822.968755055,False
974,0000974.bin,51320679.34411652,5499712.458130485,False
975,0000975.bin,137873212.9405089,999000000.0232497,False
976,0000976.bin,1000000000.0000001,1000000000.0000001,True
977,0000977.bin,1000000000.0000002,1000000000.0000002,True
978,0000978.bin,999000000.0157378,999000000.0157378,True
979,0000979.bin,436105532.70516616,230315072.01775873,False
980,0000980.bin,999999999.9999998,1000000000.0000005,True
981,0000981.bin,999999999.9999999,999999999.9999994,True
982,0000982.bin,5373403.239867793,23032333.254026316,False
983,0000983.bin,1000000000.0000001,1000000000.0000011,True
984,0000984.bin,999000000.0182883,999000000.0182883,True
985,0000985.bin,999000000.0274798,999000000.0274798,True
986,0000986.bin,946561.5066726111,586336.4032236281,False
987,0000987.bin,999000000.0022349,999000000.0022349,True
988,0000988.bin,999000000.0261607,999000000.0261607,True
989,0000989.bin,1000000000.0000002,999999999.9999989,True
990,0000990.bin,1000000000.0,999999999.9999994,True
991,0000991.bin,999999999.9999999,1000000000.0000012,True
992,0000992.bin,999999999.9999999,999999999.9999992,True
993,0000993.bin,144156343.30625182,11616313.731773783,False
994,0000994.bin,27695670.20735982,31435150.223852564,False
995,0000995.bin,1000000000.0,999999999.9999994,True
996,0000996.bin,1000000000.0,1000000000.0,True
997,0000997.bin,999000000.00842,999000000.00842,True
998,0000998.bin,20202128.928971607,6164776.158189832,False
999,0000999.bin,999999999.9999999,999999999.9999985,True
1000,0001000.bin,95714842.39444037,52508825.234656334,False
1001,0001001.bin,999000000.0226241,999000000.0226241,True
1002,0001002.bin,999000000.0029247,647486287.0090264,True
1003,0001003.bin,1000000000.0,999999999.9999998,True
1004,0001004.bin,999000000.0246522,999000000.0246522,True
1005,0001005.bin,1000000000.0,1000000000.0000014,True
1006,0001006.bin,220745920.56685224,50317031.57602795,False
1007,0001007.bin,1000000000.0,1000000000.0,True
1008,0001008.bin,999999999.9999999,999999999.9999999,True
1009,0001009.bin,1000000000.0,1000000000.0000013,True
1010,0001010.bin,1000000000.0000001,999000000.0218012,True
1011,0001011.bin,13102752.28760214,4925518.525704848,False
1012,0001012.bin,647144.5494690826,6051741.837173614,False
1013,0001013.bin,999000000.0167388,999000000.0167388,True
1014,0001014.bin,2883070.5203287764,2080095.8184087845,False
1015,0001015.bin,999000000.0315536,999000000.0315536,True
1016,0001016.bin,1000000000.0000001,999999999.9999994,True
1017,0001017.bin,999000000.0025787,208668912.28932813,True
1018,0001018.bin,1542054.3591292927,6909478.6927092355,False
1019,0001019.bin,999000000.0300717,999000000.0300717,True
1020,0001020.bin,1544390.8285192463,1763766.1832308662,False
1021,0001021.bin,999000000.0251683,999000000.0251683,True
1022,0001022.bin,1000000000.0,1000000000.0,True
1023,0001023.bin,2186932.2464139056,1971260.9852115265,False
1024,0001024.bin,999000000.0305178,999000000.0305178,True
1025,0001025.bin,1000000000.0,1000000000.0000012,True
1026,0001026.bin,999000000.0010608,999000000.0010608,True
1027,0001027.bin,999000000.0096704,999000000.0096704,True
1028,0001028.bin,160173735.59474072,97994620.01510465,False
1029,0001029.bin,23108915.638973396,26558302.071200866,False
1030,0001030.bin,960514.248750394,5817845.893885679,False
1031,0001031.bin,985695.8425411966,555146.3596659738,False
1032,0001032.bin,1000000000.0,1000000000.0000004,True
1033,0001033.bin,1000000000.0000002,1000000000.0000015,True
1034,0001034.bin,1490693.998488542,2434719.9233539873,False
1035,0001035.bin,999999999.9999999,1000000000.0000006,True
1036,0001036.bin,999000000.0198002,999000000.0198002,True
1037,0001037.bin,5539914.520606606,898179.6803263423,False
1038,0001038.bin,1000000000.0,1000000000.0000004,True
1039,0001039.bin,189971.644353656,1055655.037994544,False
1040,0001040.bin,999000000.0295956,999000000.0295956,True
1041,0001041.bin,999999999.9999999,1000000000.0000021,True
1042,0001042.bin,1000000000.0000001,1000000000.0000014,True
1043,0001043.bin,1000000000.0,1000000000.0,True
1044,0001044.bin,1852705.9189078205,3511030.5661789994,False
1045,0001045.bin,249831.07778200784,174869.68551712972,False
1046,0001046.bin,1717336.6183184034,469129.5293923577,False
1047,0001047.bin,999000000.0083178,999000000.0083178,True
1048,0001048.bin,89527.35066221358,253399.3795861781,False
1049,0001049.bin,673654.9038345872,133838.51040267234,False
1050,0001050.bin,1000000000.0000002,1000000000.0000002,True
1051,0001051.bin,89697581.60532103,60618959.35850339,False
1052,0001052.bin,1198693.6825141993,1812348.4066267093,False
1053,0001053.bin,689222547.6104589,999000000.0084869,False
1054,0001054.bin,999000000.0090775,999000000.0090775,True
1055,0001055.bin,999000000.0289209,999000000.0289209,True
1056,0001056.bin,1671969.0163841061,1553161.6235198735,False
1057,0001057.bin,2379308.874161682,1187089.8786528008,False
1058,0001058.bin,999000000.0234548,999000000.0234548,True
1059,0001059.bin,1000000000.0,1000000000.0000004,True
1060,0001060.bin,197579585.5952439,109838826.0945109,False
1061,0001061.bin,6143807.214692324,399800813.54527587,False
1062,0001062.bin,2994903.2813730217,745487.6573828384,False
1063,0001063.bin,20089204.794391662,9946176.48161504,False
1064,0001064.bin,999000000.0010823,999000000.0010823,True
1065,0001065.bin,276565043.5068607,136464564.54431874,False
1066,0001066.bin,1743952.283132663,2905397.5818610727,False
1067,0001067.bin,999000000.0010835,999000000.0010835,True
1068,0001068.bin,999999999.9999999,999999999.9999986,True
1069,0001069.bin,2833322.3866001233,7592098.126853914,False
1070,0001070.bin,806740100.66217,1000000000.0000007,False
1071,0001071.bin,2264147.240804782,4727750.731078363,False
1072,0001072.bin,999000000.0267293,999000000.0267293,True
1073,0001073.bin,999000000.0250221,999000000.0250221,True
1074,0001074.bin,1000000000.0,1000000000.0000002,True
1075,0001075.bin,3673008.5939403903,2145316.391871,False
1076,0001076.bin,999000000.0237483,999000000.0237483,True
1077,0001077.bin,999000000.0298586,40738030.583817884,True
1078,0001078.bin,1000000000.0,999999999.9999976,True
1079,0001079.bin,1000000000.0000001,1000000000.0000004,True
1080,0001080.bin,2008872.2615597271,1467817.6558367417,False
1081,0001081.bin,1000000000.0,1000000000.0,True
1082,0001082.bin,2345483.695134222,5551085.98595179,False
1083,0001083.bin,999000000.0182806,999000000.0182806,True
1084,0001084.bin,1000000000.0,999000000.0208493,True
1085,0001085.bin,3198452.478494747,35383678.447047114,False
1086,0001086.bin,999999999.9999999,999000000.028081,True
1087,0001087.bin,1000000000.0000001,999999999.9999993,True
1088,0001088.bin,1000000000.0,1000000000.0,True
1089,0001089.bin,2343819.227640639,2115791.2733186474,False
1090,0001090.bin,999000000.0163797,999000000.0163797,True
1091,0001091.bin,1000000000.0,999999999.9999987,True
1092,0001092.bin,1483234.92136216,863792.9982323641,False
1093,0001093.bin,999000000.0293654,999000000.0293654,True
1094,0001094.bin,222856724.24986884,366126051.65105224,False
1095,0001095.bin,999000000.0148925,999000000.0148925,True
1096,0001096.bin,4082962.456714793,2081846.2926271744,False
1097,0001097.bin,999000000.0098153,999000000.0098153,True
1098,0001098.bin,6711806.4903182825,4401306.975310212,False
1099,0001099.bin,38668341.93795249,252999578.25579077,False
1100,0001100.bin,999999999.9999998,999999999.9999998,True
1101,0001101.bin,1000000000.0,1000000000.0000002,True
1102,0001102.bin,1000000000.0,999999999.999998,True
1103,0001103.bin,3137776.304765359,1528763.6432945873,False
1104,0001104.bin,999000000.0320129,999000000.0320129,True
1105,0001105.bin,999000000.0078286,999000000.0078286,True
1106,0001106.bin,125821157.74135493,840564835.3647757,False
1107,0001107.bin,1844103.9985042291,764597.5130472155,False
1108,0001108.bin,1000000000.0,999999999.9999999,True
1109,0001109.bin,999000000.0141053,999000000.0141053,True
1110,0001110.bin,999000000.0245289,999000000.0245289,True
1111,0001111.bin,999000000.0024862,999000000.0024862,True
1112,0001112.bin,2386351.433433559,2462269.92254822,False
1113,0001113.bin,67633665.28939964,124151687.83291346,False
1114,0001114.bin,999000000.01708,999000000.01708,True
1115,0001115.bin,1000000000.0,111060169.57313795,True
1116,0001116.bin,3894642.382374873,1141406.4138284856,False
1117,0001117.bin,1705162.7952180493,372028.0244359292,False
1118,0001118.bin,999999999.9999999,999999999.9999999,True
1119,0001119.bin,143774248.90625176,456389981.1254448,False
1120,0001120.bin,999000000.0319107,999000000.0319107,True
1121,0001121.bin,999000000.0140038,999000000.0140038,True
1122,0001122.bin,999000000.008848,999000000.008848,True
1123,0001123.bin,2635345.39994223,1388107.5039176857,False
1124,0001124.bin,5401276.73542091,3627599.893318509,False
1125,0001125.bin,1000000000.0,1000000000.0,True
1126,0001126.bin,1000000000.0,999000000.0156716,True
1127,0001127.bin,999999999.9999999,999999999.9999999,True
1128,0001128.bin,999000000.0159838,999000000.0159838,True
1129,0001129.bin,999000000.002347,1000000000.0000006,True
1130,0001130.bin,1000000000.0,999999999.9999996,True
1131,0001131.bin,1000000000.0,999999999.999999,True
1132,0001132.bin,1000000000.0,1000000000.000001,True
1133,0001133.bin,818849.9168367663,2110712.9654017687,False
1134,0001134.bin,7078969.009404566,612878380.2447127,False
1135,0001135.bin,5656742.608834237,1445224.061427303,False
1136,0001136.bin,1000000000.0,1000000000.0000005,True
1137,0001137.bin,1000000000.0000001,1000000000.0000004,True
1138,0001138.bin,1000000000.0,1000000000.0000013,True
1139,0001139.bin,25049797.81549811,31728013.215868246,False
1140,0001140.bin,999000000.014621,999000000.014621,True
1141,0001141.bin,2463992.47360844,5372581.811285351,False
1142,0001142.bin,999000000.0055013,999000000.0055013,True
1143,0001143.bin,999000000.0093726,999000000.0093726,True
1144,0001144.bin,999000000.0052582,999000000.0052582,True
1145,0001145.bin,1684719.9940813086,1374555.973575744,False
1146,0001146.bin,1000000000.0,1000000000.0,True
1147,0001147.bin,1999010.2037971453,13212875.558558814,False
1148,0001148.bin,999000000.0205367,999000000.0205367,True
1149,0001149.bin,1000000000.0,1000000000.0000011,True
1150,0001150.bin,1000000000.0,1000000000.0000008,True
1151,0001151.bin,1173635.861676298,1264725.2104963064,False
1152,0001152.bin,616013.7422485676,2310247.815762993,False
1153,0001153.bin,999000000.013809,999000000.013809,True
1154,0001154.bin,999000000.0238941,999000000.0238941,True
1155,0001155.bin,999000000.0321364,999000000.0321364,True
1156,0001156.bin,1000000000.0,1000000000.0000007,True
1157,0001157.bin,2994151.8985340702,1292850.668045401,False
1158,0001158.bin,11071700.086938964,14323180.461024547,False
1159,0001159.bin,6191777.36588673,7863203.08551493,False
1160,0001160.bin,999999999.9999998,1000000000.0000005,True
1161,0001161.bin,1000000000.0,999999999.9999983,True
1162,0001162.bin,1000000000.0,999999999.9999988,True
1163,0001163.bin,271000000.0265006,1000000000.0000004,False
1164,0001164.bin,1216400.0577480579,358868.5603563885,False
1165,0001165.bin,1000000000.0000002,999999999.9999986,True
1166,0001166.bin,3690878.8516025883,8064054.410459639,False
1167,0001167.bin,1000000000.0,1000000000.0,True
1168,0001168.bin,1000000000.0000001,1000000000.0000007,True
1169,0001169.bin,999000000.0217656,999000000.0217656,True
1170,0001170.bin,1000000000.0,999999999.9999985,True
1171,0001171.bin,45784388.19000112,269931728.8064891,False
1172,0001172.bin,339577310.516026,111751658.40804102,False
1173,0001173.bin,1000000000.0,1000000000.0000008,True
1174,0001174.bin,1000000000.0,1000000000.0,True
1175,0001175.bin,614523.5554444047,1162324.8398291594,False
1176,0001176.bin,999000000.0192574,999000000.0192574,True
1177,0001177.bin,15688139.360785352,5657785.425176927,False
1178,0001178.bin,999999999.9999999,999999999.9999995,True
1179,0001179.bin,849000848.846472,350684113.56829566,False
1180,0001180.bin,1000000000.0000001,1000000000.0000012,True
1181,0001181.bin,1000000000.0,1000000000.0,True
1182,0001182.bin,13549595.633624678,15078051.328767816,False
1183,0001183.bin,28004166.89586939,27792122.590855747,False
1184,0001184.bin,999000000.0010041,999000000.0010041,True
1185,0001185.bin,244731328.91412768,98942568.12296085,False
1186,0001186.bin,3784505.775162567,13746756.807466984,False
1187,0001187.bin,999999999.9999999,999999999.9999989,True
1188,0001188.bin,999000000.0165081,999000000.0165081,True
1189,0001189.bin,644609961.5503879,1000000000.0,False
1190,0001190.bin,1000000000.0,1000000000.0000008,True
1191,0001191.bin,999000000.0106831,999000000.0106831,True
1192,0001192.bin,999999999.9999999,304103941.5253102,True
1193,0001193.bin,999000000.0124699,999000000.0124699,True
1194,0001194.bin,999000000.0069579,999000000.0069579,True
1195,0001195.bin,1000000000.0,1000000000.0000004,True
1196,0001196.bin,999000000.0174742,999000000.0174742,True
1197,0001197.bin,3567014.4317126917,8765722.629887877,False
1198,0001198.bin,1000000000.0,1000000000.0000007,True
1199,0001199.bin,6123678.484718163,1974136.0480175295,False
1200,0001200.bin,999000000.0190601,999000000.0190601,True
1201,0001201.bin,16638324.20073005,6880251.266101586,False
1202,0001202.bin,999000000.0234632,999000000.0234632,True
1203,0001203.bin,1897209.7167417416,616584.0027397489,False
1204,0001204.bin,24430642.32292297,999000000.0009801,False
1205,0001205.bin,1000000000.0,1000000000.0000004,True
1206,0001206.bin,999999999.9999999,999999999.9999999,True
1207,0001207.bin,999000000.0263155,999000000.0263155,True
1208,0001208.bin,1000000000.0,1000000000.0,True
1209,0001209.bin,999000000.0283939,999000000.0283939,True
1210,0001210.bin,999000000.0322837,999000000.0322837,True
1211,0001211.bin,999999999.9999998,999999999.9999985,True
1212,0001212.bin,3211593.648317842,1431164.9712161983,False
1213,0001213.bin,17206683.0480757,1603093.6304056873,False
1214,0001214.bin,999999999.9999999,999999999.9999999,True
1215,0001215.bin,35993159.46659017,30268463.24512106,False
1216,0001216.bin,999000000.0057186,999000000.0057186,True
1217,0001217.bin,999000000.004001,999000000.004001,True
1218,0001218.bin,999000000.0174906,999000000.0174906,True
1219,0001219.bin,999000000.0305377,999000000.0305377,True
1220,0001220.bin,999000000.0059642,999000000.0059642,True
1221,0001221.bin,1000000000.0000002,999999999.9999989,True
1222,0001222.bin,999999999.9999999,1000000000.0000006,True
1223,0001223.bin,999000000.0241673,999000000.0241673,True
1224,0001224.bin,1000000000.0,999999999.9999999,True
1225,0001225.bin,145952074.0984217,5703667.9624011675,False
1226,0001226.bin,1000000000.0000001,1000000000.0000007,True
1227,0001227.bin,28204204.20347044,452385691.20695,False
1228,0001228.bin,999000000.0133111,999000000.0133111,True
1229,0001229.bin,999000000.0186815,999000000.0186815,True
1230,0001230.bin,999000000.0343786,999000000.0343786,True
1231,0001231.bin,335848260.34245604,270492789.4624847,False
1232,0001232.bin,1000000000.0000001,1000000000.0000004,True
1233,0001233.bin,1000000000.0,1000000000.0000007,True
1234,0001234.bin,999000000.023279,999000000.023279,True
1235,0001235.bin,1000000000.0,1000000000.0000006,True
1236,0001236.bin,999999999.9999999,1000000000.0000001,True
1237,0001237.bin,1000000000.0,999999999.9999998,True
1238,0001238.bin,2283020.4262806685,3391704.560235975,False
1239,0001239.bin,999000000.0064775,999000000.0064775,True
1240,0001240.bin,1000000000.0,1000000000.0000004,True
1241,0001241.bin,7275392.934910631,6721929.261499228,False
1242,0001242.bin,999000000.0345094,999000000.0345094,True
1243,0001243.bin,1000000000.0,1000000000.0,True
1244,0001244.bin,1000000000.0,999999999.9999998,True
1245,0001245.bin,1000000000.0000001,999999999.9999999,True
1246,0001246.bin,999999999.9999998,1000000000.0000005,True
1247,0001247.bin,999999999.9999999,999999999.9999988,True
1248,0001248.bin,12844751.67351225,1788410.0114166029,False
1249,0001249.bin,2996345.9518381027,4270065.841133694,False
1250,0001250.bin,999000000.0237137,999000000.0237137,True
1251,0001251.bin,999999999.9999998,1000000000.0000005,True
1252,0001252.bin,30388525.842998043,23895440.054310538,False
1253,0001253.bin,999000000.0250531,999000000.0250531,True
1254,0001254.bin,999000000.0058912,999000000.0058912,True
1255,0001255.bin,1000000000.0000001,1000000000.0000014,True
1256,0001256.bin,1000000000.0,1000000000.0000017,True
1257,0001257.bin,999000000.0060511,999000000.0060511,True
1258,0001258.bin,999999999.9999999,999999999.9999993,True
1259,0001259.bin,1000000000.0,1000000000.0,True
1260,0001260.bin,999000000.0265261,999000000.0265261,True
1261,0001261.bin,654916.8857927956,465882.1075149904,False
1262,0001262.bin,303398638.7560547,334471001.3149875,False
1263,0001263.bin,1000000000.0000001,999999999.9999998,True
1264,0001264.bin,54032034.149649255,143979209.1486627,False
1265,0001265.bin,152566742.15266383,70335161.83588216,False
1266,0001266.bin,1000000000.0000002,999999999.9999986,True
1267,0001267.bin,999000000.0270122,999000000.0270122,True
1268,0001268.bin,1000000000.0000001,999999999.9999988,True
1269,0001269.bin,1000000000.0000001,999999999.9999995,True
1270,0001270.bin,1000000000.0000001,999999999.999999,True
1271,0001271.bin,3884766.175929728,2470855.857769424,False
1272,0001272.bin,1000000000.0000001,1000000000.0000023,True
1273,0001273.bin,17038531.11568087,23578671.806941137,False
1274,0001274.bin,1785145.8239315639,1450477.0604699387,False
1275,0001275.bin,1000000000.0,1000000000.0000002,True
1276,0001276.bin,9830035.416928405,1523951.760556437,False
1277,0001277.bin,1000000000.0,1000000000.0,True
1278,0001278.bin,999000000.0209605,999000000.0209605,True
1279,0001279.bin,999000000.0271592,999000000.0271592,True
1280,0001280.bin,4769153.966129666,1115148.351004925,False
1281,0001281.bin,999000000.0331279,999000000.0331279,True
1282,0001282.bin,999000000.0030658,999000000.0030658,True
1283,0001283.bin,999999999.9999999,1000000000.0000006,True
1284,0001284.bin,5814419.021799132,6827183.404540744,False
1285,0001285.bin,999000000.0241951,999000000.0241951,True
1286,0001286.bin,953759696.1502846,248381982.0007687,False
1287,0001287.bin,1000000000.0,999999999.9999993,True
1288,0001288.bin,999000000.0093615,999000000.0093615,True
1289,0001289.bin,999999999.9999998,1000000000.0000014,True
1290,0001290.bin,1000000000.0,999999999.9999993,True
1291,0001291.bin,999000000.034626,999000000.034626,True
1292,0001292.bin,1000000000.0,999999999.9999998,True
1293,0001293.bin,1000000000.0,1000000000.0000008,True
1294,0001294.bin,999000000.0276632,999000000.0276632,True
1295,0001295.bin,1000000000.0,999999999.9999992,True
1296,0001296.bin,999999999.9999999,999999999.9999992,True
1297,0001297.bin,999999999.9999999,1000000000.0000002,True
1298,0001298.bin,999999999.9999999,1000000000.0000002,True
1299,0001299.bin,6148059.981292364,703877.804241449,False
1300,0001300.bin,917158110.2379538,999999999.9999992,False
1301,0001301.bin,3382568.9957155823,9061614.165396288,False
1302,0001302.bin,201411151.50188726,75798484.9166229,False
1303,0001303.bin,1000000000.0000001,1000000000.0000007,True
1304,0001304.bin,1000000000.0000001,999999999.9999994,True
1305,0001305.bin,1000000000.0000001,1000000000.0000001,True
1306,0001306.bin,18153449.981057514,175099316.49357218,False
1307,0001307.bin,999000000.0226214,999000000.0226214,True
1308,0001308.bin,999000000.0002788,999000000.0002788,True
1309,0001309.bin,999000000.0202868,999000000.0202868,True
1310,0001310.bin,848651.0625148233,4905180.204183717,False
1311,0001311.bin,2852362.443867866,4115432.6655881866,False
1312,0001312.bin,999000000.0271537,999000000.0271537,True
1313,0001313.bin,1000000000.0,1000000000.000001,True
1314,0001314.bin,999999999.9999999,1000000000.0000001,True
1315,0001315.bin,999000000.012229,999000000.012229,True
1316,0001316.bin,1000000000.0000002,1000000000.0000002,True
1317,0001317.bin,999000000.0073458,999000000.0073458,True
1318,0001318.bin,2329010.8551090574,1576155.0462850474,False
1319,0001319.bin,999000000.0148307,999000000.0148307,True
1320,0001320.bin,7910278.413063493,12242281.844164673,False
1321,0001321.bin,1000000000.0,1000000000.0000008,True
1322,0001322.bin,1000000000.0,1000000000.0,True
1323,0001323.bin,1000000000.0,1000000000.0000014,True
1324,0001324.bin,734353675.9086565,190383277.2113095,False
1325,0001325.bin,999999999.9999999,999999999.9999994,True
1326,0001326.bin,18300342.783181243,7584241.85605143,False
1327,0001327.bin,999999999.9999998,1000000000.0000005,True
1328,0001328.bin,9995200.502230827,5480408.476658667,False
1329,0001329.bin,196328.89434249798,523371.1940870949,False
1330,0001330.bin,999000000.0141615,999000000.0141615,True
1331,0001331.bin,1000000000.0,1000000000.0000014,True
1332,0001332.bin,999000000.0134077,999000000.0134077,True
1333,0001333.bin,999000000.0272161,999000000.0272161,True
1334,0001334.bin,999000000.0016136,999000000.0016136,True
1335,0001335.bin,999999999.9999999,1000000000.0000002,True
1336,0001336.bin,999000000.024652,999000000.024652,True
1337,0001337.bin,1000000000.0000002,1000000000.0000002,True
1338,0001338.bin,1000000000.0000001,1000000000.0000001,True
1339,0001339.bin,999000000.0212497,999000000.0212497,True
1340,0001340.bin,1000000000.0,1000000000.0,True
1341,0001341.bin,999000000.0077637,999000000.0077637,True
1342,0001342.bin,999000000.0092453,999000000.0092453,True
1343,0001343.bin,1000000000.0,1000000000.000001,True
1344,0001344.bin,999000000.0045218,999000000.0045218,True
1345,0001345.bin,1922124.7836800257,3286515.5517879794,False
1346,0001346.bin,386421.2279316138,4407764.352596357,False
1347,0001347.bin,999000000.0138588,999000000.0138588,True
1348,0001348.bin,1000000000.0,1000000000.0000007,True
1349,0001349.bin,999000000.0228374,999000000.0228374,True
1350,0001350.bin,920764.9648903377,532610.5077763196,False
1351,0001351.bin,999999999.9999999,999999999.9999999,True
1352,0001352.bin,1000000000.0,1000000000.0000007,True
1353,0001353.bin,1000000000.0000001,1000000000.0000001,True
1354,0001354.bin,999000000.015883,999000000.015883,True
1355,0001355.bin,886542.1001789772,1898265.7819179408,False
1356,0001356.bin,1000000000.0000001,1000000000.0000001,True
1357,0001357.bin,999000000.0111021,999000000.0111021,True
1358,0001358.bin,1000000000.0,999999999.9999994,True
1359,0001359.bin,884113.1409303084,3320526.553493508,False
1360,0001360.bin,1000000000.0,1000000000.0000007,True
1361,0001361.bin,1000000000.0,1000000000.0000017,True
1362,0001362.bin,12821021.026327623,2943430.2992823212,False
1363,0001363.bin,775067.413507909,809028.5998466563,False
1364,0001364.bin,1000000000.0,1000000000.0000007,True
1365,0001365.bin,1000000000.0000001,1000000000.0000015,True
1366,0001366.bin,999000000.0278023,999000000.0278023,True
1367,0001367.bin,1000000000.0000001,1000000000.0000008,True
1368,0001368.bin,1810163.9441306272,3924257.563995676,False
1369,0001369.bin,631805.3004277389,4181416.0965001844,False
1370,0001370.bin,999000000.0254717,999000000.0254717,True
1371,0001371.bin,999000000.0117075,999000000.0117075,True
1372,0001372.bin,999000000.00213,999000000.00213,True
1373,0001373.bin,999000000.0218016,999000000.0218016,True
1374,0001374.bin,7592734.290831092,5503877.999198539,False
1375,0001375.bin,1000000000.0,1000000000.0000002,True
1376,0001376.bin,999000000.0149509,999000000.0149509,True
1377,0001377.bin,17781863.68389938,1952155.9410727283,False
1378,0001378.bin,999000000.0195148,999000000.0195148,True
1379,0001379.bin,999999999.9999998,999999999.9999998,True
1380,0001380.bin,2953982.856302875,11715909.261410058,False
1381,0001381.bin,4221711.118637007,31596263.748750187,False
1382,0001382.bin,999000000.0028749,999000000.0028749,True
1383,0001383.bin,78618070.18293786,628951968.1837279,False
1384,0001384.bin,4033464.2149882624,1581502.7195029086,False
1385,0001385.bin,529585136.0280485,3836400.949537997,False
1386,0001386.bin,999000000.0068421,999000000.0068421,True
1387,0001387.bin,5130025.371863691,6024467.315784682,False
1388,0001388.bin,1000000000.0,1000000000.0000005,True
1389,0001389.bin,999999999.9999999,999999999.9999998,True
1390,0001390.bin,999000000.0145248,999000000.0145248,True
1391,0001391.bin,677211.5313685763,627805.82132228,False
1392,0001392.bin,9122717.483711792,6961986.38731417,False
1393,0001393.bin,999000000.0054376,999000000.0054376,True
1394,0001394.bin,1000000000.0,1000000000.000001,True
1395,0001395.bin,999000000.0099193,999000000.0099193,True
1396,0001396.bin,999000000.0164284,999000000.0164284,True
1397,0001397.bin,999000000.0215011,999000000.0215011,True
1398,0001398.bin,451778184.46406716,229478909.14401653,False
1399,0001399.bin,14497121.707734315,8245532.8206825,False
1400,0001400.bin,86017474.55211462,65017779.3680537,False
1401,0001401.bin,9110297.38711037,11881032.429347696,False
1402,0001402.bin,999000000.014597,999000000.014597,True
1403,0001403.bin,13665813.89163372,3838132.2436259165,False
1404,0001404.bin,120650.1905682386,68114.90718860901,False
1405,0001405.bin,999000000.0143722,999000000.0143722,True
1406,0001406.bin,8476337.498910207,6965001.271375551,False
1407,0001407.bin,1566361.7901649156,670984.6353518568,False
1408,0001408.bin,111485.52868682453,3365991.5399017064,False
1409,0001409.bin,999000000.0237826,999000000.0237826,True
1410,0001410.bin,2180765.4552377565,1625842.2513598804,False
1411,0001411.bin,999000000.0092041,999000000.0092041,True
1412,0001412.bin,1000000000.0,1000000000.0,True
1413,0001413.bin,999000000.0062535,999000000.0062535,True
1414,0001414.bin,999000000.00048,999000000.00048,True
1415,0001415.bin,999000000.0223026,999000000.0223026,True
1416,0001416.bin,1000000000.0,999999999.9999995,True
1417,0001417.bin,1000000000.0,999999999.9999998,True
1418,0001418.bin,999000000.0184077,999000000.0184077,True
1419,0001419.bin,999000000.0265331,999000000.0265331,True
1420,0001420.bin,1000000000.0,1000000000.0,True
1421,0001421.bin,1000000000.0000002,999999999.9999993,True
1422,0001422.bin,432231913.11751854,266539925.61489516,False
1423,0001423.bin,1000000000.0,1000000000.0,True
1424,0001424.bin,999000000.0064452,999000000.0064452,True
1425,0001425.bin,1000000000.0,999999999.9999982,True
1426,0001426.bin,1000000000.0000001,1000000000.0000012,True
1427,0001427.bin,25715350.502087254,23560576.81737366,False
1428,0001428.bin,3657242.7564588925,2379837.712161711,False
1429,0001429.bin,999000000.0066142,999000000.0066142,True
1430,0001430.bin,1000000000.0,1000000000.000001,True
1431,0001431.bin,999000000.0137075,999000000.0137075,True
1432,0001432.bin,7941182.394369262,1426209.0190622008,False
1433,0001433.bin,999000000.021726,999000000.021726,True
1434,0001434.bin,1000000000.0,999999999.9999987,True
1435,0001435.bin,999999999.9999998,999999999.9999992,True
1436,0001436.bin,1000000000.0000001,1000000000.0000001,True
1437,0001437.bin,1000000000.0,999999999.9999989,True
1438,0001438.bin,1000000000.0,1000000000.0000001,True
1439,0001439.bin,999000000.0325952,999000000.0325952,True
1440,0001440.bin,999000000.0166537,999000000.0166537,True
1441,0001441.bin,1179432.410475013,685353.9713552723,False
1442,0001442.bin,1787008.3654783394,1686464.1329527663,False
1443,0001443.bin,32057179.77624032,64660493.57474018,False
1444,0001444.bin,999000000.0302391,999000000.0302391,True
1445,0001445.bin,999000000.0293089,999000000.0293089,True
1446,0001446.bin,1000000000.0,1000000000.0,True
1447,0001447.bin,4465746.9976489665,3841301.136932245,False
1448,0001448.bin,852924.8295132975,551992.3987858687,False
1449,0001449.bin,1000000000.0000001,1000000000.0000007,True
1450,0001450.bin,1000000000.0000001,999999999.9999986,True
1451,0001451.bin,139342910.97847608,133879120.52716221,False
1452,0001452.bin,999000000.0275044,999000000.0275044,True
1453,0001453.bin,999000000.0103955,999000000.0103955,True
1454,0001454.bin,999000000.0247105,999000000.0247105,True
1455,0001455.bin,1000000000.0,999999999.9999995,True
1456,0001456.bin,3736904.153043408,5569944.245909397,False
1457,0001457.bin,1117684.1081796866,1816783.0143565089,False
1458,0001458.bin,114447667.95715442,999000000.0085609,False
1459,0001459.bin,1058113.891761954,963031.0920234104,False
1460,0001460.bin,1000000000.0,1000000000.0000012,True
1461,0001461.bin,887011.7970004908,878269.9287657832,False
1462,0001462.bin,999000000.0339695,939085781.7712973,True
1463,0001463.bin,1434638.1098592007,5838375.215054295,False
1464,0001464.bin,999000000.021716,999000000.021716,True
1465,0001465.bin,330797.5247219004,794264.8073137067,False
1466,0001466.bin,30844076.98504732,72079246.58988272,False
1467,0001467.bin,7698440.001409473,6018678.392898216,False
1468,0001468.bin,1000000000.0,999999999.9999996,True
1469,0001469.bin,999000000.0024577,999000000.0024577,True
1470,0001470.bin,1000000000.0,1000000000.0000001,True
1471,0001471.bin,1000000000.0,1000000000.0000019,True
1472,0001472.bin,1000000000.0,1000000000.0000021,True
1473,0001473.bin,999000000.012944,999000000.012944,True
1474,0001474.bin,1000000000.0,999999999.9999992,True
1475,0001475.bin,999000000.0150626,999000000.0150626,True
1476,0001476.bin,999000000.0071645,999000000.0071645,True
1477,0001477.bin,999000000.0231688,999000000.0231688,True
1478,0001478.bin,802206.8136238944,646992.7869333293,False
1479,0001479.bin,1551742.5838050987,13200365.651714187,False
1480,0001480.bin,1672623.0698723258,8774187.592433875,False
1481,0001481.bin,999000000.0132198,999000000.0132198,True
1482,0001482.bin,1129261.446667049,542132.9763642268,False
1483,0001483.bin,999000000.0248202,999000000.0248202,True
1484,0001484.bin,40499303.39578969,1000000000.0000004,False
1485,0001485.bin,153895530.6539398,444314239.3445491,False
1486,0001486.bin,1000000000.0,999999999.9999993,True
1487,0001487.bin,1000000000.0,1000000000.0000001,True
1488,0001488.bin,59710162.70014691,167997703.76815936,False
1489,0001489.bin,999000000.0058748,999000000.0058748,True
1490,0001490.bin,999000000.0266845,999000000.0266845,True
1491,0001491.bin,436397.68336885166,743906.0187430307,False
1492,0001492.bin,10422351.244095106,547869.7369544975,False
1493,0001493.bin,1000000000.0,1000000000.0000007,True
1494,0001494.bin,1000000000.0,999999999.9999994,True
1495,0001495.bin,999000000.0038805,999000000.0038805,True
1496,0001496.bin,22715879.72297686,54068688.17598232,False
1497,0001497.bin,999000000.0123283,999000000.0123283,True
1498,0001498.bin,2628855.971840433,700884.8905126061,False
1499,0001499.bin,878227877.1796855,526180745.99019337,False
